"","MCAR0.1","MCAR0.3","MCAR0.5"
"MiceTreat",-0.260698913934732,-0.528876845091656,-0.074191578177933
"MiceBp",-0.0326323065509004,0.22047252543523,0.107769429428699
"oracleTreat",-0.248041387687991,-0.637173672994769,0.0466542475683747
"oracleBp",-0.0297651063468252,0.186831737050371,-0.00011608441403789
"complete.caseTreat",-0.179650382281473,-0.938420292890654,-0.341841406436526
"complete.caseBp",-0.0403899947830142,0.329724263292802,0.10213476466514
"daetreat",-0.259725584682629,-0.434173895335844,0.107070340250298
"daeBp",0.42545058406474,0.442995072236685,0.574224854285547
