"","MCAR0.1","MCAR0.3","MCAR0.5"
"MiceTreat",-0.0864708843375698,0.148218340224826,0.147184288277915
"MiceBp",-0.0215130436375284,0.174180554255018,0.0375491617224815
"oracleTreat",-0.146341067451522,0.141616775475908,0.125198490896408
"oracleBp",0.0103079155773648,0.202362873910721,0.0445580208519597
"complete.caseTreat",-0.452186178680635,-0.311940697393457,-0.00228638525736255
"complete.caseBp",-0.0395198439112239,0.156623874373907,0.12895340776505
"daetreat",-0.0452640502817813,0.26672679814605,0.143843577868759
"daeBp",0.775765322519398,0.0178177155992935,0.239826207354639
