"","MiceTreatLower","MiceTreatUpper","MiceBpLower","MiceBpUpper","oracleTreatLower","oracleTreatUpper","oracleBpLower","oracleBpUpper","complete-caseTreatLower","complete-caseTreatUpper","complete-caseBpLower","complete-caseBpUpper","daetreatLower","daetreatUpper","daeBpLower","daeBpUpper"
"1",0.154628901478054,0.664331467236686,-0.789415153779502,0.319320396666691,0.276173476723612,0.80532467923616,-0.856647627271695,0.0966573312080402,0.549452290212513,0.557985296487869,-0.809353208328032,0.739865529661713,0.0762997886252767,0.793394849221561,-0.123812891672585,0.869943928801965
