"","MiceTreat","MiceBp","oracleTreat","oracleBp","complete-caseTreat","complete-caseBp","daetreat","daeBp"
"bias",-0.074191578177933,0.107769429428699,0.0466542475683747,-0.00011608441403789,-0.341841406436526,0.10213476466514,0.107070340250298,0.574224854285547
"propName",0.5,0.5,0.5,0.5,0.5,0.5,0.5,0.5
