"","MiceTreat","MiceBp","oracleTreat","oracleBp","complete-caseTreat","complete-caseBp","daetreat","daeBp"
"bias",-0.186328470521515,-0.24852317252938,-0.176324883805817,-0.251466212568067,-0.033960071703556,-0.232145468735183,-0.255802223027562,-0.246994543061801
"propName",0.1,0.1,0.1,0.1,0.1,0.1,0.1,0.1
