"","MiceTreat","MiceBp","oracleTreat","oracleBp","complete-caseTreat","complete-caseBp","daetreat","daeBp"
"bias",-0.0365857418360996,0.0814306038937863,0.049907195064511,-0.00782473298216865,0.0185166232367157,0.0809037891807436,0.0347773418455282,0.298435417144506
"propName",0.1,0.1,0.1,0.1,0.1,0.1,0.1,0.1
