"","MiceTreat","MiceBp","oracleTreat","oracleBp","complete-caseTreat","complete-caseBp","daetreat","daeBp"
"bias",-0.528876845091656,0.22047252543523,-0.637173672994769,0.186831737050371,-0.938420292890654,0.329724263292802,-0.434173895335844,0.442995072236685
"propName",0.3,0.3,0.3,0.3,0.3,0.3,0.3,0.3
