"","MiceTreat","MiceBp","oracleTreat","oracleBp","complete-caseTreat","complete-caseBp","daetreat","daeBp"
"bias",-0.260698913934732,-0.0326323065509004,-0.248041387687991,-0.0297651063468252,-0.179650382281473,-0.0403899947830142,-0.259725584682629,0.42545058406474
"propName",0.1,0.1,0.1,0.1,0.1,0.1,0.1,0.1
