"","MiceTreat","MiceBp","oracleTreat","oracleBp","complete-caseTreat","complete-caseBp","daetreat","daeBp"
"bias",-0.946455595188923,-0.0247771728612614,-0.950881497324653,-0.0196458924201318,-1.15641412618387,-0.0688811127502326,-0.915743812106953,1.528867689021
"propName",0.3,0.3,0.3,0.3,0.3,0.3,0.3,0.3
