"","MiceTreatLower","MiceTreatUpper","MiceBpLower","MiceBpUpper","oracleTreatLower","oracleTreatUpper","oracleBpLower","oracleBpUpper","complete-caseTreatLower","complete-caseTreatUpper","complete-caseBpLower","complete-caseBpUpper","daetreatLower","daetreatUpper","daeBpLower","daeBpUpper"
"1",-0.582242628982906,-0.0925147960942935,-0.218152788059141,0.296745251338938,-0.765927425031089,-0.0278558618853715,-0.0953132748976673,0.133105160926227,-0.709670500119715,0.454128532038921,-0.367690607514185,0.692520131033075,-0.648024439618417,-0.0894573611660613,-0.00649492703992441,0.327976837595487
