"","MiceTreatLower","MiceTreatUpper","MiceBpLower","MiceBpUpper","oracleTreatLower","oracleTreatUpper","oracleBpLower","oracleBpUpper","complete-caseTreatLower","complete-caseTreatUpper","complete-caseBpLower","complete-caseBpUpper","daetreatLower","daetreatUpper","daeBpLower","daeBpUpper"
"1",-0.661192067350914,0.588020583678715,-0.0117946849521953,0.174655892739768,-0.444140159506805,0.543954549635827,-0.0599242253195841,0.0442747593552468,-0.524769179314656,0.561802425788087,0.0059819756358668,0.15582560272562,-0.513055818204816,0.582610501895872,0.217146348533654,0.379724485755359
