"","MiceTreatLower","MiceTreatUpper","MiceBpLower","MiceBpUpper","oracleTreatLower","oracleTreatUpper","oracleBpLower","oracleBpUpper","complete-caseTreatLower","complete-caseTreatUpper","complete-caseBpLower","complete-caseBpUpper","daetreatLower","daetreatUpper","daeBpLower","daeBpUpper"
"1",-0.32093267252067,0.585931635051504,-0.0501524349736047,-0.0382489852851465,-0.246405136968148,0.5968565597118,-0.0335382768518209,0.0981491556810166,-2.31199210412832,0.356767552934286,-0.0974496652974557,0.138337521026825,-0.26252172507595,0.646487394545705,0.241174731360539,0.466549566774454
