"","MiceTreatLower","MiceTreatUpper","MiceBpLower","MiceBpUpper","oracleTreatLower","oracleTreatUpper","oracleBpLower","oracleBpUpper","complete-caseTreatLower","complete-caseTreatUpper","complete-caseBpLower","complete-caseBpUpper","daetreatLower","daetreatUpper","daeBpLower","daeBpUpper"
"1",-0.494215053931259,0.345831897575393,-0.1081447505786,0.323683609435998,-0.307932791894093,0.401241287030843,-0.123395637194734,0.123163468366658,-0.700291737295034,0.0166089244219811,-0.261890760164763,0.466160289495044,-0.182991132090882,0.397131812591478,0.57208834987924,0.576361358691853
