"","MiceTreatLower","MiceTreatUpper","MiceBpLower","MiceBpUpper","oracleTreatLower","oracleTreatUpper","oracleBpLower","oracleBpUpper","complete-caseTreatLower","complete-caseTreatUpper","complete-caseBpLower","complete-caseBpUpper","daetreatLower","daetreatUpper","daeBpLower","daeBpUpper"
"1",-0.557176726102063,-0.500576964081248,0.0856243355701733,0.355320715300287,-0.986592088299199,-0.287755257690339,0.145602095946349,0.228061378154394,-1.35893906072682,-0.517901525054485,0.326322754842625,0.333125771742979,-0.461679431577318,-0.40666835909437,0.1570424436524,0.728947700820969
