"","MiceTreat","MiceBp","oracleTreat","oracleBp","complete-caseTreat","complete-caseBp","daetreat","daeBp"
"bias",0.132499481265417,-0.0442007101293756,0.175225711371826,0.0323054394145979,-0.977612275597018,0.0204439278646848,0.191982834734877,0.353862149067496
"propName",0.5,0.5,0.5,0.5,0.5,0.5,0.5,0.5
