"","MiceTreat","MiceBp","oracleTreat","oracleBp","complete-caseTreat","complete-caseBp","daetreat","daeBp"
"bias",-0.3373787125386,0.0392962316398985,-0.39689164345823,0.0188959430142798,-0.127770984040397,0.162414761759445,-0.368740900392239,0.160740955277781
"propName",0.5,0.5,0.5,0.5,0.5,0.5,0.5,0.5
