"","MiceTreatLower","MiceTreatUpper","MiceBpLower","MiceBpUpper","oracleTreatLower","oracleTreatUpper","oracleBpLower","oracleBpUpper","complete-caseTreatLower","complete-caseTreatUpper","complete-caseBpLower","complete-caseBpUpper","daetreatLower","daetreatUpper","daeBpLower","daeBpUpper"
"1",-0.488166847629406,0.115509906586377,-0.397394479864244,-0.0996518651945169,-0.441365720072557,0.0887159524609231,-0.436656105722073,-0.0662763194140608,-0.116062330706257,0.0481421872991447,-0.370815813684713,-0.0934751237856539,-0.624643322230652,0.113038876175529,-0.648957168411167,0.154968082287565
