"","MiceTreatLower","MiceTreatUpper","MiceBpLower","MiceBpUpper","oracleTreatLower","oracleTreatUpper","oracleBpLower","oracleBpUpper","complete-caseTreatLower","complete-caseTreatUpper","complete-caseBpLower","complete-caseBpUpper","daetreatLower","daetreatUpper","daeBpLower","daeBpUpper"
"1",-1.34639652328111,-0.546514667096737,-0.199689870117425,0.150135524394902,-1.38897088119842,-0.512792113450887,-0.134278325373964,0.0949865405337008,-1.82802659097068,-0.484801661397065,-0.379073313505539,0.241311088005073,-1.27114760834065,-0.560340015873254,0.313310890468989,2.744424487573
