"","MiceTreat","MiceBp","oracleTreat","oracleBp","complete-caseTreat","complete-caseBp","daetreat","daeBp"
"bias",0.40948018435737,-0.235047378556406,0.540749077979886,-0.379995148031827,0.553718793350191,-0.0347438393331598,0.434847318923419,0.37306551856469
"propName",0.3,0.3,0.3,0.3,0.3,0.3,0.3,0.3
