"","MiceTreatLower","MiceTreatUpper","MiceBpLower","MiceBpUpper","oracleTreatLower","oracleTreatUpper","oracleBpLower","oracleBpUpper","complete-caseTreatLower","complete-caseTreatUpper","complete-caseBpLower","complete-caseBpUpper","daetreatLower","daetreatUpper","daeBpLower","daeBpUpper"
"1",-0.786300171164273,0.264902343294809,-0.356174750692087,0.290910137590286,-0.679659050868044,0.183576275492061,-0.262747647515079,0.203217434821429,-0.619704886379042,0.260404121816095,-0.339768232694907,0.258988243128879,-0.710952644348142,0.191501474982884,0.317545515166847,0.533355652962632
