"","MICE","DAE"
"1",1.39100559654681,1.05110860229514
